<?xml version="1.0" encoding="UTF-8" standalone="yes"?>
<Class description="Enables integrations flows from IT Discovery Machine. This represents all merged instances of a particular process under an OS instance." display-name="Process Fingerprint" class-name="process_fingerprint" is-factory="false">
    <Class-Qualifiers/>
    <Class-Type>OBJECT</Class-Type>
    <Derived-From class-name="running_software"/>
    <Attributes>
        <Attribute size="256" is-factory="false" description="Represents a resolved path when required." display-name="Path from analysis" type="string" name="path_from_analysis">
            <Attribute-Qualifiers>
                <Attribute-Qualifier name="ID_ATTRIBUTE" is-factory="false"/>
                <Attribute-Qualifier name="INDEX" is-factory="false"/>
            </Attribute-Qualifiers>
            <Empty-Default-Value/>
        </Attribute>
        <Attribute size="256" is-factory="false" description="Represents a filesystem path when required." display-name="Path from filesystem" type="string" name="path_from_filesystem">
            <Attribute-Qualifiers>
                <Attribute-Qualifier name="ID_ATTRIBUTE" is-factory="false"/>
                <Attribute-Qualifier name="INDEX" is-factory="false"/>
            </Attribute-Qualifiers>
            <Empty-Default-Value/>
        </Attribute>
        <Attribute size="256" is-factory="false" description="Path from the initial process listing without any investigation." display-name="Path from process" type="string" name="path_from_process">
            <Attribute-Qualifiers>
                <Attribute-Qualifier name="ID_ATTRIBUTE" is-factory="false"/>
                <Attribute-Qualifier name="INDEX" is-factory="false"/>
            </Attribute-Qualifiers>
            <Empty-Default-Value/>
        </Attribute>
        <Attribute size="256" is-factory="false" description="Does not apply on Windows; holds the current working directory of a UX process." display-name="Path from CWD" type="string" name="path_working_dir">
            <Attribute-Qualifiers/>
            <Empty-Default-Value/>
        </Attribute>
        <Attribute size="256" is-factory="false" description="Supplemental context from the command line." display-name="Parsed Argument" type="string" name="process_args">
            <Attribute-Qualifiers>
                <Attribute-Qualifier name="INDEX" is-factory="false"/>
            </Attribute-Qualifiers>
            <Empty-Default-Value/>
        </Attribute>
        <Attribute size="500" is-factory="false" description="This is a string list of all process names, tracing back to the kernel process. Capturing parent processes proves useful in identifying uniqueness of a thread." display-name="Process Hierarchy" type="string" name="process_hierarchy">
            <Attribute-Qualifiers>
                <Attribute-Qualifier name="ID_ATTRIBUTE" is-factory="false"/>
                <Attribute-Qualifier name="INDEX" is-factory="false"/>
            </Attribute-Qualifiers>
            <Empty-Default-Value/>
        </Attribute>
        <Attribute size="64" is-factory="false" description="The user/application/service account responsible for starting the process" display-name="Process User" type="string" name="process_owner">
            <Attribute-Qualifiers>
                <Attribute-Qualifier name="ID_ATTRIBUTE" is-factory="false"/>
                <Attribute-Qualifier name="INDEX" is-factory="false"/>
            </Attribute-Qualifiers>
            <Empty-Default-Value/>
        </Attribute>
    </Attributes>
    <Attribute-Overrides>
        <Attribute-Override is-partially-override="true" name="display_label" is-factory="true">
            <Attribute-Qualifiers>
                <Attribute-Qualifier name="CALCULATED_ATTRIBUTE" is-factory="false">
                    <Data-Items>
                        <Data-Item type="string" name="FUNCTION" is-factory="false">(name|root_class) &amp;root_container_name</Data-Item>
                        <Data-Item type="string" name="PREFIX" is-factory="false">user_label</Data-Item>
                    </Data-Items>
                </Attribute-Qualifier>
            </Attribute-Qualifiers>
        </Attribute-Override>
        <Attribute-Override is-partially-override="true" name="name" is-factory="false">
            <Attribute-Qualifiers>
                <Attribute-Qualifier name="ID_ATTRIBUTE" is-factory="false"/>
                <Attribute-Qualifier name="INDEX" is-factory="false"/>
            </Attribute-Qualifiers>
        </Attribute-Override>
        <Attribute-Override is-partially-override="true" name="root_container" is-factory="false">
            <Attribute-Qualifiers>
                <Attribute-Qualifier name="ID_ATTRIBUTE" is-factory="false"/>
                <Attribute-Qualifier name="INDEX" is-factory="false"/>
            </Attribute-Qualifiers>
        </Attribute-Override>
    </Attribute-Overrides>
    <Methods/>
</Class>
