<?xml version="1.0" encoding="UTF-8" standalone="yes"?>
<resource:XmlResourceWrapper xmlns:view="http://www.hp.com/ucmdb/1-0-0/ViewDefinition" xmlns:resource="http://www.hp.com/ucmdb/1-0-0/ResourceDefinition" xmlns:tql="http://www.hp.com/ucmdb/1-0-0/TopologyQueryLanguage" xmlns:ns3="http://www.hp.com/ucmdb/1-0-0/PolicyRuleDefinition">
    <resource xsi:type="view:XmlViewWithFoldingDefinition" QueryName="ITDM Fingerprint links folded" name="ITDM Fingerprint links folded" oldViewName="" version="3" xmlns:xsi="http://www.w3.org/2001/XMLSchema-instance">
        <description></description>
        <clientProperties namespace="UCMDB_FOLDING_DEFINITION" key="REPORT_TABLE_FORMAT" value="Hierarchical"/>
        <clientProperties namespace="UCMDB_FOLDING_DEFINITION" key="VIEW_MAP_LAYOUT" value="HIERARCHIC"/>
        <clientProperties namespace="UCMDB_FOLDING_DEFINITION" key="REPORT_TITLE" value=""/>
        <clientProperties namespace="UCMDB_FOLDING_DEFINITION" key="REPORT_SUBTITLE" value=""/>
        <clientProperties namespace="UCMDB_FOLDING_DEFINITION" key="SHOW_INTER_LAYER_LINKS" value="FULL"/>
        <cmViewData isManaged="false" enableDeleteCandidate="false" authorizationTqlVersion="" managedTqlName="" managedTqlVersion="" viewType="Inventory" viewPriority="Low">
            <automaticAuthorization></automaticAuthorization>
        </cmViewData>
        <foldingNode xsi:type="view:XmlGroupByAttributeFoldingNode" attributeName="name" appearEvenIfEmpty="false" definingQueryNodeBasedFoldingNode="Server" name="Group by Name on Server" visible="true">
            <foldingNode xsi:type="view:XmlQueryNodeBasedFoldingNode" queryNodeName="Server" name="Server" visible="true">
                <viewAttribute name="display_label">
                    <datasource xsi:type="view:XmlSelfAttributeDatasource" attributeName="display_label"/>
                </viewAttribute>
                <clientProperties namespace="UCMDB_WIDGET_DEFINITION" key="REFOCUSABLE_display_label" value="false"/>
                <clientProperties namespace="UCMDB_WIDGET_DEFINITION" key="SHOW_PATH" value="false"/>
                <clientProperties namespace="UCMDB_WIDGET_DEFINITION" key="GROUP_NAME_display_label" value=""/>
                <clientProperties namespace="UCMDB_WIDGET_DEFINITION" key="OVERVIEW_display_label" value="false"/>
                <clientProperties namespace="UCMDB_WIDGET_DEFINITION" key="DETAILS_display_label" value="false"/>
                <clientProperties namespace="UCMDB_SORTING_DEFINITION" key="NUMBER_OF_SORTED_ATTRIBUTES" value="0"/>
            </foldingNode>
            <foldingNode xsi:type="view:XmlQueryNodeBasedFoldingNode" queryNodeName="Client" name="Client" visible="true">
                <viewAttribute name="display_label">
                    <datasource xsi:type="view:XmlSelfAttributeDatasource" attributeName="display_label"/>
                </viewAttribute>
                <clientProperties namespace="UCMDB_WIDGET_DEFINITION" key="REFOCUSABLE_display_label" value="false"/>
                <clientProperties namespace="UCMDB_WIDGET_DEFINITION" key="SHOW_PATH" value="false"/>
                <clientProperties namespace="UCMDB_WIDGET_DEFINITION" key="GROUP_NAME_display_label" value=""/>
                <clientProperties namespace="UCMDB_WIDGET_DEFINITION" key="OVERVIEW_display_label" value="false"/>
                <clientProperties namespace="UCMDB_WIDGET_DEFINITION" key="DETAILS_display_label" value="false"/>
                <clientProperties namespace="UCMDB_SORTING_DEFINITION" key="NUMBER_OF_SORTED_ATTRIBUTES" value="0"/>
            </foldingNode>
            <foldingNode xsi:type="view:XmlQueryNodeBasedFoldingNode" queryNodeName="ClientProcess" name="ClientProcess" visible="true">
                <viewAttribute name="display_label">
                    <datasource xsi:type="view:XmlSelfAttributeDatasource" attributeName="display_label"/>
                </viewAttribute>
                <clientProperties namespace="UCMDB_WIDGET_DEFINITION" key="REFOCUSABLE_display_label" value="false"/>
                <clientProperties namespace="UCMDB_WIDGET_DEFINITION" key="SHOW_PATH" value="false"/>
                <clientProperties namespace="UCMDB_WIDGET_DEFINITION" key="GROUP_NAME_display_label" value=""/>
                <clientProperties namespace="UCMDB_WIDGET_DEFINITION" key="OVERVIEW_display_label" value="false"/>
                <clientProperties namespace="UCMDB_WIDGET_DEFINITION" key="DETAILS_display_label" value="false"/>
                <clientProperties namespace="UCMDB_SORTING_DEFINITION" key="NUMBER_OF_SORTED_ATTRIBUTES" value="0"/>
            </foldingNode>
            <foldingNode xsi:type="view:XmlQueryNodeBasedFoldingNode" queryNodeName="ServerProcess" name="ServerProcess" visible="true">
                <viewAttribute name="display_label">
                    <datasource xsi:type="view:XmlSelfAttributeDatasource" attributeName="display_label"/>
                </viewAttribute>
                <clientProperties namespace="UCMDB_WIDGET_DEFINITION" key="REFOCUSABLE_display_label" value="false"/>
                <clientProperties namespace="UCMDB_WIDGET_DEFINITION" key="SHOW_PATH" value="false"/>
                <clientProperties namespace="UCMDB_WIDGET_DEFINITION" key="GROUP_NAME_display_label" value=""/>
                <clientProperties namespace="UCMDB_WIDGET_DEFINITION" key="OVERVIEW_display_label" value="false"/>
                <clientProperties namespace="UCMDB_WIDGET_DEFINITION" key="DETAILS_display_label" value="false"/>
                <clientProperties namespace="UCMDB_SORTING_DEFINITION" key="NUMBER_OF_SORTED_ATTRIBUTES" value="0"/>
            </foldingNode>
            <foldingNode xsi:type="view:XmlQueryNodeBasedFoldingNode" queryNodeName="IpServiceEndpoint" name="IpServiceEndpoint" visible="true">
                <viewAttribute name="display_label">
                    <datasource xsi:type="view:XmlSelfAttributeDatasource" attributeName="display_label"/>
                </viewAttribute>
                <clientProperties namespace="UCMDB_WIDGET_DEFINITION" key="REFOCUSABLE_display_label" value="false"/>
                <clientProperties namespace="UCMDB_WIDGET_DEFINITION" key="SHOW_PATH" value="false"/>
                <clientProperties namespace="UCMDB_WIDGET_DEFINITION" key="GROUP_NAME_display_label" value=""/>
                <clientProperties namespace="UCMDB_WIDGET_DEFINITION" key="OVERVIEW_display_label" value="false"/>
                <clientProperties namespace="UCMDB_WIDGET_DEFINITION" key="DETAILS_display_label" value="false"/>
                <clientProperties namespace="UCMDB_SORTING_DEFINITION" key="NUMBER_OF_SORTED_ATTRIBUTES" value="0"/>
            </foldingNode>
            <clientProperties namespace="UCMDB_WIDGET_DEFINITION" key="REFOCUSABLE_display_label" value="false"/>
            <clientProperties namespace="UCMDB_WIDGET_DEFINITION" key="SHOW_PATH" value="false"/>
            <clientProperties namespace="UCMDB_WIDGET_DEFINITION" key="GROUP_NAME_display_label" value=""/>
            <clientProperties namespace="UCMDB_WIDGET_DEFINITION" key="OVERVIEW_display_label" value="false"/>
            <clientProperties namespace="UCMDB_WIDGET_DEFINITION" key="DETAILS_display_label" value="false"/>
            <clientProperties namespace="UCMDB_SORTING_DEFINITION" key="NUMBER_OF_SORTED_ATTRIBUTES" value="0"/>
        </foldingNode>
    </resource>
    <resourceBundle>pattern_view</resourceBundle>
</resource:XmlResourceWrapper>
