<?xml version="1.0" encoding="UTF-8" standalone="yes"?>
<Class description="Enables integrations flows from IT Discovery Machine. This represents instances of a particular software under an OS instance. It is dynamically discovered and so all data comes from the endpoint." display-name="Software Fingerprint" class-name="software_fingerprint" is-factory="false">
    <Class-Qualifiers/>
    <Class-Type>OBJECT</Class-Type>
    <Derived-From class-name="running_software"/>
    <Attributes>
        <Attribute is-factory="true" origin="content" version="29" type="string" name="BODY_ICON">
            <Attribute-Qualifiers>
                <Attribute-Qualifier name="HIDDEN_ATTRIBUTE" is-factory="true" origin="content" version="29"/>
                <Attribute-Qualifier name="INTERNAL_ATTRIBUTE" is-factory="false"/>
                <Attribute-Qualifier name="STATIC_ATTRIBUTE" is-factory="false"/>
            </Attribute-Qualifiers>
            <Default-Value>component</Default-Value>
        </Attribute>
        <Attribute is-factory="false" display-name="Last Discovery Time" type="date" name="last_discovery_time_custom">
            <Attribute-Qualifiers/>
            <Empty-Default-Value/>
        </Attribute>
        <Attribute size="64" is-factory="false" description="Name of the installed software package" display-name="Software ID" type="string" name="software_id">
            <Attribute-Qualifiers/>
            <Empty-Default-Value/>
        </Attribute>
        <Attribute size="256" is-factory="false" description="High level summary of the installed software package" display-name="Software Info" type="string" name="software_info">
            <Attribute-Qualifiers>
                <Attribute-Qualifier name="ID_ATTRIBUTE" is-factory="false"/>
                <Attribute-Qualifier name="INDEX" is-factory="false"/>
            </Attribute-Qualifiers>
            <Empty-Default-Value/>
        </Attribute>
        <Attribute size="32" is-factory="false" description="Source of this discovered context, e.g. Windows Registry, Linux package, start task, libraries, etc" display-name="Software Source" type="string" name="software_source">
            <Attribute-Qualifiers/>
            <Empty-Default-Value/>
        </Attribute>
        <Attribute size="64" is-factory="false" description="Software manufacturer or vendor" display-name="Software Vendor" type="string" name="software_vendor">
            <Attribute-Qualifiers/>
            <Empty-Default-Value/>
        </Attribute>
        <Attribute size="256" is-factory="false" description="Version of the software entity found" display-name="Software Version" type="string" name="software_version">
            <Attribute-Qualifiers>
                <Attribute-Qualifier name="ID_ATTRIBUTE" is-factory="false"/>
                <Attribute-Qualifier name="INDEX" is-factory="false"/>
            </Attribute-Qualifiers>
            <Empty-Default-Value/>
        </Attribute>
    </Attributes>
    <Attribute-Overrides>
        <Attribute-Override is-partially-override="true" name="display_label" is-factory="true">
            <Attribute-Qualifiers>
                <Attribute-Qualifier name="CALCULATED_ATTRIBUTE" is-factory="false">
                    <Data-Items>
                        <Data-Item type="string" name="FUNCTION" is-factory="false">(name|root_class) &amp;root_container_name</Data-Item>
                        <Data-Item type="string" name="PREFIX" is-factory="false">user_label</Data-Item>
                    </Data-Items>
                </Attribute-Qualifier>
            </Attribute-Qualifiers>
        </Attribute-Override>
        <Attribute-Override is-partially-override="true" name="name" is-factory="false">
            <Attribute-Qualifiers>
                <Attribute-Qualifier name="ID_ATTRIBUTE" is-factory="false"/>
                <Attribute-Qualifier name="INDEX" is-factory="false"/>
            </Attribute-Qualifiers>
        </Attribute-Override>
        <Attribute-Override is-partially-override="true" name="root_container" is-factory="false">
            <Attribute-Qualifiers>
                <Attribute-Qualifier name="ID_ATTRIBUTE" is-factory="false"/>
                <Attribute-Qualifier name="INDEX" is-factory="false"/>
            </Attribute-Qualifiers>
        </Attribute-Override>
        <Attribute-Override is-partially-override="true" name="root_iconproperties" is-factory="true">
            <Attribute-Qualifiers>
                <Attribute-Qualifier name="APPLICATIVE_ATTRIBUTE" is-factory="true" origin="basic-deployment" version="11"/>
                <Attribute-Qualifier name="HIDDEN_ATTRIBUTE" is-factory="true" origin="basic-deployment" version="11"/>
                <Attribute-Qualifier name="INTERNAL_ATTRIBUTE" is-factory="true" origin="basic-deployment" version="11"/>
            </Attribute-Qualifiers>
        </Attribute-Override>
    </Attribute-Overrides>
    <Methods/>
</Class>
